# INSBU rebased national accounts, Burundi 2016-2024: the aggregates the model uses.
# Source: Institut National de la Statistique du Burundi (INSBU), supply-use tables
# (TRE, current prices and previous-year prices) and integrated economic accounts
# (TCEI 2021, 2023, 2024). BIF millions. Extracted by gemcore/insbu.py --write-extract.
# table: tre-current = TRE at current prices; tre-prevyear = TRE at the previous
# year's prices; tre-stocks = change in stocks by product, current prices; tcei = TCEI.
# key: GDP, VA (value added), TAXPROD (taxes less subsidies on products), PRVC, HHC,
# NPISH, GOVC (final consumption: private, households, NPISH, government), GFCF, STK
# (change in stocks), EXP, IMP; VA_agr/ind/man/srv/oind = value added of ISIC groups
# A / B-F / C / G-U / B,D,E,F; VA_B05 = extraction; products by INSBU code; TCEI
# items GFCF_gov, GFCF, CA_deficit (B12 rest of world), NL_gov (B09 government).
table,key,year,value
tre-prevyear,GDP,2017,7271958.0
tre-prevyear,VA,2017,6808219.0
tre-prevyear,TAXPROD,2017,463739.0
tre-prevyear,PRVC,2017,6655272.0
tre-prevyear,HHC,2017,6457569.0
tre-prevyear,NPISH,2017,197703.0
tre-prevyear,GOVC,2017,768734.0
tre-prevyear,GFCF,2017,784396.0
tre-prevyear,STK,2017,40092.0
tre-prevyear,EXP,2017,360036.0
tre-prevyear,IMP,2017,1336572.0
tre-prevyear,VA_agr,2017,2743103.0
tre-prevyear,VA_ind,2017,1160747.0
tre-prevyear,VA_man,2017,845556.0
tre-prevyear,VA_srv,2017,2904369.0
tre-prevyear,VA_B05,2017,116247.0
tre-prevyear,VA_oind,2017,315191.0
tre-prevyear,GDP,2018,8738195.0
tre-prevyear,VA,2018,8173328.0
tre-prevyear,TAXPROD,2018,564867.0
tre-prevyear,PRVC,2018,7935575.0
tre-prevyear,HHC,2018,7714015.0
tre-prevyear,NPISH,2018,221560.0
tre-prevyear,GOVC,2018,892016.0
tre-prevyear,GFCF,2018,861246.0
tre-prevyear,STK,2018,37305.0
tre-prevyear,EXP,2018,571521.0
tre-prevyear,IMP,2018,1559468.0
tre-prevyear,VA_agr,2018,3541875.0
tre-prevyear,VA_ind,2018,1289197.0
tre-prevyear,VA_man,2018,888712.0
tre-prevyear,VA_srv,2018,3342256.0
tre-prevyear,VA_B05,2018,204911.0
tre-prevyear,VA_oind,2018,400485.0
tre-prevyear,GDP,2019,8961794.0
tre-prevyear,VA,2019,8337187.0
tre-prevyear,TAXPROD,2019,624607.0
tre-prevyear,PRVC,2019,8320871.0
tre-prevyear,HHC,2019,8050962.0
tre-prevyear,NPISH,2019,269909.0
tre-prevyear,GOVC,2019,935144.0
tre-prevyear,GFCF,2019,995506.0
tre-prevyear,STK,2019,41224.0
tre-prevyear,EXP,2019,489635.0
tre-prevyear,IMP,2019,1820586.0
tre-prevyear,VA_agr,2019,3427557.0
tre-prevyear,VA_ind,2019,1316995.0
tre-prevyear,VA_man,2019,965346.0
tre-prevyear,VA_srv,2019,3592635.0
tre-prevyear,VA_B05,2019,126337.0
tre-prevyear,VA_oind,2019,351649.0
tre-prevyear,GDP,2020,9241810.0
tre-prevyear,VA,2020,8584007.0
tre-prevyear,TAXPROD,2020,657803.0
tre-prevyear,PRVC,2020,8396115.0
tre-prevyear,HHC,2020,8127405.0
tre-prevyear,NPISH,2020,268710.0
tre-prevyear,GOVC,2020,1003791.0
tre-prevyear,GFCF,2020,995369.0
tre-prevyear,STK,2020,224039.0
tre-prevyear,EXP,2020,522102.0
tre-prevyear,IMP,2020,1899606.0
tre-prevyear,VA_agr,2020,3556594.0
tre-prevyear,VA_ind,2020,1357597.0
tre-prevyear,VA_man,2020,957517.0
tre-prevyear,VA_srv,2020,3669816.0
tre-prevyear,VA_B05,2020,167395.0
tre-prevyear,VA_oind,2020,400080.0
tre-prevyear,GDP,2021,10174138.0
tre-prevyear,VA,2021,9423587.0
tre-prevyear,TAXPROD,2021,750551.0
tre-prevyear,PRVC,2021,9277618.0
tre-prevyear,HHC,2021,8965605.0
tre-prevyear,NPISH,2021,312013.0
tre-prevyear,GOVC,2021,1077144.0
tre-prevyear,GFCF,2021,1243286.0
tre-prevyear,STK,2021,291962.0
tre-prevyear,EXP,2021,516458.0
tre-prevyear,IMP,2021,2232330.0
tre-prevyear,VA_agr,2021,3940309.0
tre-prevyear,VA_ind,2021,1486717.0
tre-prevyear,VA_man,2021,1051092.0
tre-prevyear,VA_srv,2021,3996561.0
tre-prevyear,VA_B05,2021,158938.0
tre-prevyear,VA_oind,2021,435625.0
tre-prevyear,GDP,2022,10956991.0
tre-prevyear,VA,2022,10171720.0
tre-prevyear,TAXPROD,2022,785271.0
tre-prevyear,PRVC,2022,9996078.0
tre-prevyear,HHC,2022,9654858.0
tre-prevyear,NPISH,2022,341220.0
tre-prevyear,GOVC,2022,1050120.0
tre-prevyear,GFCF,2022,1408573.0
tre-prevyear,STK,2022,476554.0
tre-prevyear,EXP,2022,541421.0
tre-prevyear,IMP,2022,2515755.0
tre-prevyear,VA_agr,2022,4333525.0
tre-prevyear,VA_ind,2022,1674018.0
tre-prevyear,VA_man,2022,1100677.0
tre-prevyear,VA_srv,2022,4164177.0
tre-prevyear,VA_B05,2022,225474.0
tre-prevyear,VA_oind,2022,573341.0
tre-prevyear,GDP,2023,13089595.0
tre-prevyear,VA,2023,12112180.0
tre-prevyear,TAXPROD,2023,977415.0
tre-prevyear,PRVC,2023,12415728.0
tre-prevyear,HHC,2023,12005857.0
tre-prevyear,NPISH,2023,409871.0
tre-prevyear,GOVC,2023,1242527.0
tre-prevyear,GFCF,2023,1624563.0
tre-prevyear,STK,2023,326476.0
tre-prevyear,EXP,2023,751376.0
tre-prevyear,IMP,2023,3271075.0
tre-prevyear,VA_agr,2023,5081501.0
tre-prevyear,VA_ind,2023,1912639.0
tre-prevyear,VA_man,2023,1380608.0
tre-prevyear,VA_srv,2023,5118040.0
tre-prevyear,VA_B05,2023,274058.0
tre-prevyear,VA_oind,2023,532031.0
tre-prevyear,GDP,2024,16638873.0
tre-prevyear,VA,2024,15419768.0
tre-prevyear,TAXPROD,2024,1219105.0
tre-prevyear,PRVC,2024,15290277.0
tre-prevyear,HHC,2024,14769968.0
tre-prevyear,NPISH,2024,520309.0
tre-prevyear,GOVC,2024,1372384.0
tre-prevyear,GFCF,2024,1879029.0
tre-prevyear,STK,2024,461386.0
tre-prevyear,EXP,2024,951031.0
tre-prevyear,IMP,2024,3315234.0
tre-prevyear,VA_agr,2024,7138234.0
tre-prevyear,VA_ind,2024,2388631.0
tre-prevyear,VA_man,2024,1452688.0
tre-prevyear,VA_srv,2024,5892903.0
tre-prevyear,VA_B05,2024,339672.0
tre-prevyear,VA_oind,2024,935943.0
tre-current,GDP,2016,7197827.0
tre-current,VA,2016,6782313.0
tre-current,TAXPROD,2016,415514.0
tre-current,PRVC,2016,6549209.0
tre-current,HHC,2016,6353175.0
tre-current,NPISH,2016,196034.0
tre-current,GOVC,2016,747964.0
tre-current,GFCF,2016,765775.0
tre-current,STK,2016,45739.0
tre-current,EXP,2016,326852.0
tre-current,IMP,2016,1237712.0
tre-current,VA_agr,2016,2854423.0
tre-current,VA_ind,2016,1048088.0
tre-current,VA_man,2016,788314.0
tre-current,VA_srv,2016,2879802.0
tre-current,VA_B05,2016,78423.0
tre-current,VA_oind,2016,259774.0
tre-stocks,A01,2016,2076.0
tre-stocks,A02,2016,40030.0
tre-stocks,A03,2016,0.0
tre-stocks,A04,2016,0.0
tre-stocks,C06,2016,-992.0
tre-stocks,B05,2016,3045.0
tre-current,GDP,2017,8289766.0
tre-current,VA,2017,7782070.0
tre-current,TAXPROD,2017,507696.0
tre-current,PRVC,2017,7597543.0
tre-current,HHC,2017,7369448.0
tre-current,NPISH,2017,228095.0
tre-current,GOVC,2017,863048.0
tre-current,GFCF,2017,839263.0
tre-current,STK,2017,45614.0
tre-current,EXP,2017,467696.0
tre-current,IMP,2017,1523398.0
tre-current,VA_agr,2017,3270467.0
tre-current,VA_ind,2017,1283810.0
tre-current,VA_man,2017,900112.0
tre-current,VA_srv,2017,3227793.0
tre-current,VA_B05,2017,185352.0
tre-current,VA_oind,2017,383698.0
tre-stocks,A01,2017,2093.0
tre-stocks,A02,2017,44823.0
tre-stocks,A03,2017,0.0
tre-stocks,A04,2017,0.0
tre-stocks,C06,2017,-2027.0
tre-stocks,B05,2017,-1231.0
tre-current,GDP,2018,8548591.0
tre-current,VA,2018,7970416.0
tre-current,TAXPROD,2018,578175.0
tre-current,PRVC,2018,7772256.0
tre-current,HHC,2018,7555942.0
tre-current,NPISH,2018,216314.0
tre-current,GOVC,2018,896107.0
tre-current,GFCF,2018,919324.0
tre-current,STK,2018,38265.0
tre-current,EXP,2018,535898.0
tre-current,IMP,2018,1613259.0
tre-current,VA_agr,2018,3220797.0
tre-current,VA_ind,2018,1362761.0
tre-current,VA_man,2018,972191.0
tre-current,VA_srv,2018,3386858.0
tre-current,VA_B05,2018,180058.0
tre-current,VA_oind,2018,390570.0
tre-stocks,A01,2018,2104.0
tre-stocks,A02,2018,48866.0
tre-stocks,A03,2018,5095.0
tre-stocks,A04,2018,0.0
tre-stocks,C06,2018,-22966.0
tre-stocks,B05,2018,3095.0
tre-current,GDP,2019,9231875.0
tre-current,VA,2019,8592143.0
tre-current,TAXPROD,2019,639732.0
tre-current,PRVC,2019,8499075.0
tre-current,HHC,2019,8230285.0
tre-current,NPISH,2019,268790.0
tre-current,GOVC,2019,980327.0
tre-current,GFCF,2019,1044691.0
tre-current,STK,2019,30215.0
tre-current,EXP,2019,552106.0
tre-current,IMP,2019,1874539.0
tre-current,VA_agr,2019,3459599.0
tre-current,VA_ind,2019,1392510.0
tre-current,VA_man,2019,953464.0
tre-current,VA_srv,2019,3740034.0
tre-current,VA_B05,2019,194882.0
tre-current,VA_oind,2019,439046.0
tre-stocks,A01,2019,-64376.0
tre-stocks,A02,2019,52410.0
tre-stocks,A03,2019,48360.0
tre-stocks,A04,2019,0.0
tre-stocks,C06,2019,-2157.0
tre-stocks,B05,2019,-6226.0
tre-current,GDP,2020,9941766.0
tre-current,VA,2020,9268602.0
tre-current,TAXPROD,2020,673164.0
tre-current,PRVC,2020,9047483.0
tre-current,HHC,2020,8761168.0
tre-current,NPISH,2020,286315.0
tre-current,GOVC,2020,1044745.0
tre-current,GFCF,2020,1050743.0
tre-current,STK,2020,243693.0
tre-current,EXP,2020,519762.0
tre-current,IMP,2020,1964660.0
tre-current,VA_agr,2020,3984568.0
tre-current,VA_ind,2020,1417696.0
tre-current,VA_man,2020,1014837.0
tre-current,VA_srv,2020,3866338.0
tre-current,VA_B05,2020,164677.0
tre-current,VA_oind,2020,402859.0
tre-stocks,A01,2020,22474.0
tre-stocks,A02,2020,57271.0
tre-stocks,A03,2020,55348.0
tre-stocks,A04,2020,0.0
tre-stocks,C06,2020,83828.0
tre-stocks,B05,2020,15769.0
tre-current,GDP,2021,10816441.0
tre-current,VA,2021,10037635.0
tre-current,TAXPROD,2021,778806.0
tre-current,PRVC,2021,9717226.0
tre-current,HHC,2021,9382587.0
tre-current,NPISH,2021,334639.0
tre-current,GOVC,2021,1093802.0
tre-current,GFCF,2021,1387297.0
tre-current,STK,2021,324415.0
tre-current,EXP,2021,598223.0
tre-current,IMP,2021,2304522.0
tre-current,VA_agr,2021,4233718.0
tre-current,VA_ind,2021,1641010.0
tre-current,VA_man,2021,1089756.0
tre-current,VA_srv,2021,4162907.0
tre-current,VA_B05,2021,220344.0
tre-current,VA_oind,2021,551254.0
tre-stocks,A01,2021,114301.0
tre-stocks,A02,2021,61154.0
tre-stocks,A03,2021,50521.0
tre-stocks,A04,2021,0.0
tre-stocks,C06,2021,89919.0
tre-stocks,B05,2021,17837.0
tre-current,GDP,2022,12790022.0
tre-current,VA,2022,11896533.0
tre-current,TAXPROD,2022,893489.0
tre-current,PRVC,2022,11664601.0
tre-current,HHC,2022,11262688.0
tre-current,NPISH,2022,401913.0
tre-current,GOVC,2022,1225223.0
tre-current,GFCF,2022,1534691.0
tre-current,STK,2022,563099.0
tre-current,EXP,2022,672819.0
tre-current,IMP,2022,2870411.0
tre-current,VA_agr,2022,5250890.0
tre-current,VA_ind,2022,1880222.0
tre-current,VA_man,2022,1293362.0
tre-current,VA_srv,2022,4765421.0
tre-current,VA_B05,2022,262416.0
tre-current,VA_oind,2022,586860.0
tre-stocks,A01,2022,327641.0
tre-stocks,A02,2022,69557.0
tre-stocks,A03,2022,63053.0
tre-stocks,A04,2022,0.0
tre-stocks,C06,2022,78298.0
tre-stocks,B05,2022,39746.0
tre-current,GDP,2023,15835419.0
tre-current,VA,2023,14740291.0
tre-current,TAXPROD,2023,1095128.0
tre-current,PRVC,2023,14994771.0
tre-current,HHC,2023,14548012.0
tre-current,NPISH,2023,446759.0
tre-current,GOVC,2023,1335206.0
tre-current,GFCF,2023,1840851.0
tre-current,STK,2023,379680.0
tre-current,EXP,2023,973580.0
tre-current,IMP,2023,3688669.0
tre-current,VA_agr,2023,6828649.0
tre-current,VA_ind,2023,2279631.0
tre-current,VA_man,2023,1561520.0
tre-current,VA_srv,2023,5632011.0
tre-current,VA_B05,2023,394367.0
tre-current,VA_oind,2023,718111.0
tre-stocks,A01,2023,128512.0
tre-stocks,A02,2023,54262.0
tre-stocks,A03,2023,67411.0
tre-stocks,A04,2023,0.0
tre-stocks,C06,2023,115048.0
tre-stocks,B05,2023,32100.0
tre-current,GDP,2024,20057965.0
tre-current,VA,2024,18729263.0
tre-current,TAXPROD,2024,1328702.0
tre-current,PRVC,2024,18191667.0
tre-current,HHC,2024,17551688.0
tre-current,NPISH,2024,639979.0
tre-current,GOVC,2024,1503170.0
tre-current,GFCF,2024,2429607.0
tre-current,STK,2024,768989.0
tre-current,EXP,2024,1002407.0
tre-current,IMP,2024,3837875.0
tre-current,VA_agr,2024,8113844.0
tre-current,VA_ind,2024,3287131.0
tre-current,VA_man,2024,1826484.0
tre-current,VA_srv,2024,7328288.0
tre-current,VA_B05,2024,706828.0
tre-current,VA_oind,2024,1460647.0
tre-stocks,A01,2024,150950.0
tre-stocks,A02,2024,73924.0
tre-stocks,A03,2024,88909.0
tre-stocks,A04,2024,0.0
tre-stocks,C06,2024,123273.0
tre-stocks,B05,2024,331933.0
tcei,GFCF_gov,2021,566474.0
tcei,GFCF,2021,1387297.0
tcei,CA_deficit,2021,782654.0
tcei,NL_gov,2021,-47114.0
tcei,GFCF_gov,2023,1253321.0
tcei,GFCF,2023,1840851.0
tcei,CA_deficit,2023,1115978.0
tcei,NL_gov,2023,-684224.0
tcei,GFCF_gov,2024,1730658.0
tcei,GFCF,2024,2429607.0
tcei,CA_deficit,2024,1560027.0
tcei,NL_gov,2024,-732477.0
