indicator,kind,year,model,actual
PrvCon %GDP,share,2019,90.2931,89.1507
PrvCon %GDP,share,2020,89.4308,88.1249
PrvCon %GDP,share,2021,86.0443,86.7438
PrvCon %GDP,share,2022,86.7175,88.0584
PrvCon %GDP,share,2023,89.1207,91.8701
PrvCon %GDP,share,2024,87.5675,87.5048
GovCon %GDP,share,2019,9.9194,10.6189
GovCon %GDP,share,2020,9.9822,10.5086
GovCon %GDP,share,2021,9.8519,10.1124
GovCon %GDP,share,2022,9.2019,9.5795
GovCon %GDP,share,2023,8.9787,8.4318
GovCon %GDP,share,2024,8.3160,7.4941
GFCF %GDP,share,2019,11.6869,11.3161
GFCF %GDP,share,2020,10.6326,10.5690
GFCF %GDP,share,2021,12.7480,12.8258
GFCF %GDP,share,2022,11.9586,11.9991
GFCF %GDP,share,2023,11.8817,11.6249
GFCF %GDP,share,2024,12.2056,12.1129
Stocks %GDP,share,2019,1.2077,0.3273
Stocks %GDP,share,2020,3.0915,2.4512
Stocks %GDP,share,2021,3.8100,2.9993
Stocks %GDP,share,2022,5.2165,4.4026
Stocks %GDP,share,2023,3.1401,2.3977
Stocks %GDP,share,2024,2.9114,3.8338
Exports %GDP,share,2019,5.3293,5.9804
Exports %GDP,share,2020,4.4877,5.2281
Exports %GDP,share,2021,4.6481,5.5307
Exports %GDP,share,2022,4.6842,5.2605
Exports %GDP,share,2023,5.4487,6.1481
Exports %GDP,share,2024,4.0491,4.9976
Imports %GDP,share,2019,18.4364,20.3051
Imports %GDP,share,2020,17.6249,19.7617
Imports %GDP,share,2021,17.1024,21.3057
Imports %GDP,share,2022,17.7788,22.4426
Imports %GDP,share,2023,18.5699,23.2938
Imports %GDP,share,2024,14.8864,19.1339
CA balance %GDP,share,2019,-7.1967,-7.8527
CA balance %GDP,share,2020,-7.5570,-6.6817
CA balance %GDP,share,2021,-7.1727,-7.2571
CA balance %GDP,share,2022,-8.8032,-9.8903
CA balance %GDP,share,2023,-8.5935,-9.5218
CA balance %GDP,share,2024,-6.8111,-5.9626
Ext public debt %GDP,share,2019,8.7492,11.0207
Ext public debt %GDP,share,2020,9.2894,10.5448
Ext public debt %GDP,share,2021,9.0381,12.3794
Ext public debt %GDP,share,2022,8.2809,12.4192
Ext public debt %GDP,share,2023,8.7887,11.1385
Ext public debt %GDP,share,2024,8.2118,11.1264
Gov domestic debt %GDP,share,2019,24.2365,25.1019
Gov domestic debt %GDP,share,2020,27.6861,28.6727
Gov domestic debt %GDP,share,2021,31.9396,28.3194
Gov domestic debt %GDP,share,2022,34.8965,31.3144
Gov domestic debt %GDP,share,2023,37.6402,28.0139
Gov domestic debt %GDP,share,2024,37.5524,24.5187
Unemployment %,share,2019,1.1288,1.0400
Unemployment %,share,2020,1.1556,1.0300
Unemployment %,share,2021,1.1748,1.1200
Unemployment %,share,2022,1.1773,0.9100
Unemployment %,share,2023,1.3139,0.9100
Unemployment %,share,2024,1.6281,0.9200
Agriculture real VA growth %,growth,2020,1.1430,2.8036
Agriculture real VA growth %,growth,2021,2.5709,-1.1108
Agriculture real VA growth %,growth,2022,3.2770,2.3574
Agriculture real VA growth %,growth,2023,-0.1015,-3.2259
Agriculture real VA growth %,growth,2024,5.6037,4.5336
Industry real VA growth %,growth,2020,-2.0877,-2.5072
Industry real VA growth %,growth,2021,2.2370,4.8685
Industry real VA growth %,growth,2022,-0.7081,2.0114
Industry real VA growth %,growth,2023,2.5156,1.7241
Industry real VA growth %,growth,2024,1.9249,4.7815
Manufacturing real VA growth %,growth,2020,-0.0978,0.4251
Manufacturing real VA growth %,growth,2021,0.6517,3.5725
Manufacturing real VA growth %,growth,2022,-0.8896,1.0022
Manufacturing real VA growth %,growth,2023,1.8388,6.7457
Manufacturing real VA growth %,growth,2024,3.8383,-6.9696
Services real VA growth %,growth,2020,-0.2227,-1.8775
Services real VA growth %,growth,2021,0.5559,3.3681
Services real VA growth %,growth,2022,-0.1551,0.0305
Services real VA growth %,growth,2023,3.3265,7.3995
Services real VA growth %,growth,2024,3.1805,4.6323
Mining (B) real VA growth %,growth,2020,-13.7699,-14.1044
Mining (B) real VA growth %,growth,2021,-0.4368,-3.4850
Mining (B) real VA growth %,growth,2022,4.0552,2.3282
Mining (B) real VA growth %,growth,2023,7.1111,4.4365
Mining (B) real VA growth %,growth,2024,-12.0883,-13.8691
Real PrvCon growth %,growth,2020,-0.5328,-1.2500
Real PrvCon growth %,growth,2021,-1.3295,2.3334
Real PrvCon growth %,growth,2022,1.5650,2.9019
Real PrvCon growth %,growth,2023,5.7263,6.5985
Real PrvCon growth %,growth,2024,1.5157,1.5257
Real GovCon growth %,growth,2020,2.3935,2.3935
Real GovCon growth %,growth,2021,3.1011,3.1011
Real GovCon growth %,growth,2022,-3.9936,-3.9936
Real GovCon growth %,growth,2023,1.4123,1.4123
Real GovCon growth %,growth,2024,2.7844,2.7844
Real GFCF growth %,growth,2020,-5.9124,-4.7212
Real GFCF growth %,growth,2021,17.9097,18.3245
Real GFCF growth %,growth,2022,-3.5737,1.5336
Real GFCF growth %,growth,2023,4.9710,5.8560
Real GFCF growth %,growth,2024,0.2131,2.0739
Real exports growth %,growth,2020,-9.1410,-5.4345
Real exports growth %,growth,2021,-2.4143,-0.6357
Real exports growth %,growth,2022,-4.6834,-9.4951
Real exports growth %,growth,2023,11.1273,11.6758
Real exports growth %,growth,2024,-7.7765,-2.3161
Real imports growth %,growth,2020,1.5797,1.3372
Real imports growth %,growth,2021,0.8131,13.6242
Real imports growth %,growth,2022,2.0172,9.1660
Real imports growth %,growth,2023,9.7607,13.9584
Real imports growth %,growth,2024,-7.6442,-10.1238
Real GDP growth %,growth,2020,-0.0947,-0.0947
Real GDP growth %,growth,2021,1.6722,1.6722
Real GDP growth %,growth,2022,1.3358,1.3358
Real GDP growth %,growth,2023,1.8127,1.8127
Real GDP growth %,growth,2024,4.6097,4.6097
CPI/deflator idx,index,2019,100.0000,100.0000
CPI/deflator idx,index,2020,99.7456,99.7641
CPI/deflator idx,index,2021,98.8196,101.7224
CPI/deflator idx,index,2022,99.4336,103.5269
CPI/deflator idx,index,2023,99.3886,108.6296
CPI/deflator idx,index,2024,102.1441,108.3243
Fuel: informal share of supply %,index,2019,0.0000,
Fuel: informal share of supply %,index,2020,0.0000,
Fuel: informal share of supply %,index,2021,0.0000,
Fuel: informal share of supply %,index,2022,0.0000,
Fuel: informal share of supply %,index,2023,0.0000,
Fuel: informal share of supply %,index,2024,6.0579,
Fuel: market price / pump price,index,2019,100.0000,
Fuel: market price / pump price,index,2020,104.0172,
Fuel: market price / pump price,index,2021,100.0000,
Fuel: market price / pump price,index,2022,100.0000,
Fuel: market price / pump price,index,2023,100.0000,
Fuel: market price / pump price,index,2024,334.2951,335.4167
Fuel: share of official FX %,index,2019,35.5155,
Fuel: share of official FX %,index,2020,36.9710,
Fuel: share of official FX %,index,2021,38.8068,
Fuel: share of official FX %,index,2022,48.8516,
Fuel: share of official FX %,index,2023,49.7321,
Fuel: share of official FX %,index,2024,44.0597,
Chemicals: share of official FX %,index,2019,40.2499,
Chemicals: share of official FX %,index,2020,48.9308,
Chemicals: share of official FX %,index,2021,45.2934,
Chemicals: share of official FX %,index,2022,44.4253,
Chemicals: share of official FX %,index,2023,37.0123,
Chemicals: share of official FX %,index,2024,45.6770,
Official FX inflow idx (USD),index,2019,100.0000,
Official FX inflow idx (USD),index,2020,82.0644,
Official FX inflow idx (USD),index,2021,89.2783,
Official FX inflow idx (USD),index,2022,103.5716,
Official FX inflow idx (USD),index,2023,120.2358,
Official FX inflow idx (USD),index,2024,107.1082,
